Workbook

Sheet CONSULTA_PEDIDO
A1: CONSULTA DE PEDIDO
A3: Seleccione id_pedido: | B3: 2
A5: Fecha pedido | B5: =IFERROR(VLOOKUP($B$3,PEDIDO!$A:$L,2,FALSE),"") -> 2026-02-03
A6: Dirección origen | B6: =IFERROR(VLOOKUP($B$3,PEDIDO!$A:$L,3,FALSE),"") -> Calle 8 # 12-30
A7: Dirección destino | B7: =IFERROR(VLOOKUP($B$3,PEDIDO!$A:$L,4,FALSE),"") -> Calle 7 # 3-15
A8: Estado pedido | B8: =IFERROR(VLOOKUP($B$3,PEDIDO!$A:$L,8,FALSE),"") -> Entregado
A9: Cliente | B9: =IFERROR(VLOOKUP(VLOOKUP($B$3,PEDIDO!$A:$L,9,FALSE),CLIENTE!$A:$E,3,FALSE),"") -> Carlos Martínez
A10: Transportadora | B10: =IFERROR(VLOOKUP(VLOOKUP($B$3,PEDIDO!$A:$L,10,FALSE),TRANSPORTADORA!$A:$E,3,FALSE),"") -> FedEx Cargo
A11: Barrio destino | B11: =IFERROR(VLOOKUP(VLOOKUP($B$3,PEDIDO!$A:$L,11,FALSE),BARRIO!$A:$E,2,FALSE),"") -> Altico
A12: Municipio destino | B12: =IFERROR(VLOOKUP(VLOOKUP(VLOOKUP($B$3,PEDIDO!$A:$L,11,FALSE),BARRIO!$A:$E,5,FALSE),MUNICIPIO!$A:$D,2,FALSE),"") -> Neiva
A13: Departamento destino | B13: =IFERROR(VLOOKUP(VLOOKUP(VLOOKUP(VLOOKUP($B$3,PEDIDO!$A:$L,11,FALSE),BARRIO!$A:$E,5,FALSE),MUNICIPIO!$A:$D,4,FALSE),DEPARTAMENTO!$A:$D,2,FALSE),"") -> Huila
A14: País destino | B14: =IFERROR(VLOOKUP(VLOOKUP(VLOOKUP(VLOOKUP(VLOOKUP($B$3,PEDIDO!$A:$L,11,FALSE),BARRIO!$A:$E,5,FALSE),MUNICIPIO!$A:$D,4,FALSE),DEPARTAMENTO!$A:$D,4,FALSE),PAIS!$A:$D,2,FALSE),"") -> Colombia
A15: Continente destino | B15: =IFERROR(VLOOKUP(VLOOKUP(VLOOKUP(VLOOKUP(VLOOKUP(VLOOKUP($B$3,PEDIDO!$A:$L,11,FALSE),BARRIO!$A:$E,5,FALSE),MUNICIPIO!$A:$D,4,FALSE),DEPARTAMENTO!$A:$D,4,FALSE),PAIS!$A:$D,4,FALSE),CONTINENTE!$A:$C,2,FALSE),"") -> América
A17: Municipio origen | B17: =IFERROR(VLOOKUP(VLOOKUP($B$3,PEDIDO!$A:$L,12,FALSE),MUNICIPIO!$A:$D,2,FALSE),"") -> Bogotá
A18: Cantidad de ítems | B18: =IFERROR(SUMIF(DETALLE_PRODUCTO!$B:$B,$B$3,DETALLE_PRODUCTO!$D:$D),"") -> 3
A19: Valor total pedido | B19: =IFERROR(SUMIF(DETALLE_PRODUCTO!$B:$B,$B$3,DETALLE_PRODUCTO!$F:$F),"") -> 4100
A21: Resumen trazabilidad
A22: =IF(B3="","","El pedido " & B3 & " sale desde " & B17 & " y va hacia " & B11 & ", " & B12 & ", " & B13 & ", " & B14 & ", " & B15 & ". Estado actual: " & B8 & ".") -> El pedido 2 sale desde Bogotá y va hacia Altico, Neiva, Huila, Colombia, América. Estado actual: Entregado.

Sheet RESUMEN_TRAZABILIDAD
A1: id_pedido | B1: fecha_pedido | C1: municipio_origen | D1: barrio_destino | E1: municipio_destino | F1: departamento_destino | G1: pais_destino | H1: continente_destino | I1: estado_pedido | J1: cliente | K1: transportadora | L1: cantidad_items | M1: valor_total
A2: 1 | B2: =VLOOKUP(A2,PEDIDO!$A:$L,2,FALSE) -> 2026-02-01 | C2: =VLOOKUP(VLOOKUP(A2,PEDIDO!$A:$L,12,FALSE),MUNICIPIO!$A:$D,2,FALSE) -> Bogotá | D2: =VLOOKUP(VLOOKUP(A2,PEDIDO!$A:$L,11,FALSE),BARRIO!$A:$E,2,FALSE) -> Centro | E2: =VLOOKUP(VLOOKUP(VLOOKUP(A2,PEDIDO!$A:$L,11,FALSE),BARRIO!$A:$E,5,FALSE),MUNICIPIO!$A:$D,2,FALSE) -> Medellín | F2: =VLOOKUP(VLOOKUP(VLOOKUP(VLOOKUP(A2,PEDIDO!$A:$L,11,FALSE),BARRIO!$A:$E,5,FALSE),MUNICIPIO!$A:$D,4,FALSE),DEPARTAMENTO!$A:$D,2,FALSE) -> Antioquia | G2: =VLOOKUP(VLOOKUP(VLOOKUP(VLOOKUP(VLOOKUP(A2,PEDIDO!$A:$L,11,FALSE),BARRIO!$A:$E,5,FALSE),MUNICIPIO!$A:$D,4,FALSE),DEPARTAMENTO!$A:$D,4,FALSE),PAIS!$A:$D,2,FALSE) -> Colombia | H2: =VLOOKUP(VLOOKUP(VLOOKUP(VLOOKUP(VLOOKUP(VLOOKUP(A2,PEDIDO!$A:$L,11,FALSE),BARRIO!$A:$E,5,FALSE),MUNICIPIO!$A:$D,4,FALSE),DEPARTAMENTO!$A:$D,4,FALSE),PAIS!$A:$D,4,FALSE),CONTINENTE!$A:$C,2,FALSE) -> América | I2: =VLOOKUP(A2,PEDIDO!$A:$L,8,FALSE) -> Entregado | J2: =VLOOKUP(VLOOKUP(A2,PEDIDO!$A:$L,9,FALSE),CLIENTE!$A:$E,3,FALSE) -> Laura Gómez | K2: =VLOOKUP(VLOOKUP(A2,PEDIDO!$A:$L,10,FALSE),TRANSPORTADORA!$A:$E,3,FALSE) -> DHL Express | L2: =SUMIF(DETALLE_PRODUCTO!$B:$B,A2,DETALLE_PRODUCTO!$D:$D) -> 2 | M2: =SUMIF(DETALLE_PRODUCTO!$B:$B,A2,DETALLE_PRODUCTO!$F:$F) -> 4700
A3: 2 | B3: =VLOOKUP(A3,PEDIDO!$A:$L,2,FALSE) -> 2026-02-03 | C3: =VLOOKUP(VLOOKUP(A3,PEDIDO!$A:$L,12,FALSE),MUNICIPIO!$A:$D,2,FALSE) -> Bogotá | D3: =VLOOKUP(VLOOKUP(A3,PEDIDO!$A:$L,11,FALSE),BARRIO!$A:$E,2,FALSE) -> Altico | E3: =VLOOKUP(VLOOKUP(VLOOKUP(A3,PEDIDO!$A:$L,11,FALSE),BARRIO!$A:$E,5,FALSE),MUNICIPIO!$A:$D,2,FALSE) -> Neiva | F3: =VLOOKUP(VLOOKUP(VLOOKUP(VLOOKUP(A3,PEDIDO!$A:$L,11,FALSE),BARRIO!$A:$E,5,FALSE),MUNICIPIO!$A:$D,4,FALSE),DEPARTAMENTO!$A:$D,2,FALSE) -> Huila | G3: =VLOOKUP(VLOOKUP(VLOOKUP(VLOOKUP(VLOOKUP(A3,PEDIDO!$A:$L,11,FALSE),BARRIO!$A:$E,5,FALSE),MUNICIPIO!$A:$D,4,FALSE),DEPARTAMENTO!$A:$D,4,FALSE),PAIS!$A:$D,2,FALSE) -> Colombia | H3: =VLOOKUP(VLOOKUP(VLOOKUP(VLOOKUP(VLOOKUP(VLOOKUP(A3,PEDIDO!$A:$L,11,FALSE),BARRIO!$A:$E,5,FALSE),MUNICIPIO!$A:$D,4,FALSE),DEPARTAMENTO!$A:$D,4,FALSE),PAIS!$A:$D,4,FALSE),CONTINENTE!$A:$C,2,FALSE) -> América | I3: =VLOOKUP(A3,PEDIDO!$A:$L,8,FALSE) -> Entregado | J3: =VLOOKUP(VLOOKUP(A3,PEDIDO!$A:$L,9,FALSE),CLIENTE!$A:$E,3,FALSE) -> Carlos Martínez | K3: =VLOOKUP(VLOOKUP(A3,PEDIDO!$A:$L,10,FALSE),TRANSPORTADORA!$A:$E,3,FALSE) -> FedEx Cargo | L3: =SUMIF(DETALLE_PRODUCTO!$B:$B,A3,DETALLE_PRODUCTO!$D:$D) -> 3 | M3: =SUMIF(DETALLE_PRODUCTO!$B:$B,A3,DETALLE_PRODUCTO!$F:$F) -> 4100
A4: 3 | B4: =VLOOKUP(A4,PEDIDO!$A:$L,2,FALSE) -> 2026-02-05 | C4: =VLOOKUP(VLOOKUP(A4,PEDIDO!$A:$L,12,FALSE),MUNICIPIO!$A:$D,2,FALSE) -> Medellín | D4: =VLOOKUP(VLOOKUP(A4,PEDIDO!$A:$L,11,FALSE),BARRIO!$A:$E,2,FALSE) -> Americana | E4: =VLOOKUP(VLOOKUP(VLOOKUP(A4,PEDIDO!$A:$L,11,FALSE),BARRIO!$A:$E,5,FALSE),MUNICIPIO!$A:$D,2,FALSE) -> Guadalajara | F4: =VLOOKUP(VLOOKUP(VLOOKUP(VLOOKUP(A4,PEDIDO!$A:$L,11,FALSE),BARRIO!$A:$E,5,FALSE),MUNICIPIO!$A:$D,4,FALSE),DEPARTAMENTO!$A:$D,2,FALSE) -> Jalisco | G4: =VLOOKUP(VLOOKUP(VLOOKUP(VLOOKUP(VLOOKUP(A4,PEDIDO!$A:$L,11,FALSE),BARRIO!$A:$E,5,FALSE),MUNICIPIO!$A:$D,4,FALSE),DEPARTAMENTO!$A:$D,4,FALSE),PAIS!$A:$D,2,FALSE) -> México | H4: =VLOOKUP(VLOOKUP(VLOOKUP(VLOOKUP(VLOOKUP(VLOOKUP(A4,PEDIDO!$A:$L,11,FALSE),BARRIO!$A:$E,5,FALSE),MUNICIPIO!$A:$D,4,FALSE),DEPARTAMENTO!$A:$D,4,FALSE),PAIS!$A:$D,4,FALSE),CONTINENTE!$A:$C,2,FALSE) -> América | I4: =VLOOKUP(A4,PEDIDO!$A:$L,8,FALSE) -> En tránsito | J4: =VLOOKUP(VLOOKUP(A4,PEDIDO!$A:$L,9,FALSE),CLIENTE!$A:$E,3,FALSE) -> Ana Rodríguez | K4: =VLOOKUP(VLOOKUP(A4,PEDIDO!$A:$L,10,FALSE),TRANSPORTADORA!$A:$E,3,FALSE) -> Servientrega Global | L4: =SUMIF(DETALLE_PRODUCTO!$B:$B,A4,DETALLE_PRODUCTO!$D:$D) -> 3 | M4: =SUMIF(DETALLE_PRODUCTO!$B:$B,A4,DETALLE_PRODUCTO!$F:$F) -> 4200
A5: 4 | B5: =VLOOKUP(A5,PEDIDO!$A:$L,2,FALSE) -> 2026-02-06 | C5: =VLOOKUP(VLOOKUP(A5,PEDIDO!$A:$L,12,FALSE),MUNICIPIO!$A:$D,2,FALSE) -> Bogotá | D5: =VLOOKUP(VLOOKUP(A5,PEDIDO!$A:$L,11,FALSE),BARRIO!$A:$E,2,FALSE) -> Sol | E5: =VLOOKUP(VLOOKUP(VLOOKUP(A5,PEDIDO!$A:$L,11,FALSE),BARRIO!$A:$E,5,FALSE),MUNICIPIO!$A:$D,2,FALSE) -> Madrid | F5: =VLOOKUP(VLOOKUP(VLOOKUP(VLOOKUP(A5,PEDIDO!$A:$L,11,FALSE),BARRIO!$A:$E,5,FALSE),MUNICIPIO!$A:$D,4,FALSE),DEPARTAMENTO!$A:$D,2,FALSE) -> Madrid | G5: =VLOOKUP(VLOOKUP(VLOOKUP(VLOOKUP(VLOOKUP(A5,PEDIDO!$A:$L,11,FALSE),BARRIO!$A:$E,5,FALSE),MUNICIPIO!$A:$D,4,FALSE),DEPARTAMENTO!$A:$D,4,FALSE),PAIS!$A:$D,2,FALSE) -> España | H5: =VLOOKUP(VLOOKUP(VLOOKUP(VLOOKUP(VLOOKUP(VLOOKUP(A5,PEDIDO!$A:$L,11,FALSE),BARRIO!$A:$E,5,FALSE),MUNICIPIO!$A:$D,4,FALSE),DEPARTAMENTO!$A:$D,4,FALSE),PAIS!$A:$D,4,FALSE),CONTINENTE!$A:$C,2,FALSE) -> Europa | I5: =VLOOKUP(A5,PEDIDO!$A:$L,8,FALSE) -> En aduana | J5: =VLOOKUP(VLOOKUP(A5,PEDIDO!$A:$L,9,FALSE),CLIENTE!$A:$E,3,FALSE) -> David Fernández | K5: =VLOOKUP(VLOOKUP(A5,PEDIDO!$A:$L,10,FALSE),TRANSPORTADORA!$A:$E,3,FALSE) -> DHL Express | L5: =SUMIF(DETALLE_PRODUCTO!$B:$B,A5,DETALLE_PRODUCTO!$D:$D) -> 1 | M5: =SUMIF(DETALLE_PRODUCTO!$B:$B,A5,DETALLE_PRODUCTO!$F:$F) -> 3500
A6: 5 | B6: =VLOOKUP(A6,PEDIDO!$A:$L,2,FALSE) -> 2026-02-08 | C6: =VLOOKUP(VLOOKUP(A6,PEDIDO!$A:$L,12,FALSE),MUNICIPIO!$A:$D,2,FALSE) -> Bogotá | D6: =VLOOKUP(VLOOKUP(A6,PEDIDO!$A:$L,11,FALSE),BARRIO!$A:$E,2,FALSE) -> Kabukicho | E6: =VLOOKUP(VLOOKUP(VLOOKUP(A6,PEDIDO!$A:$L,11,FALSE),BARRIO!$A:$E,5,FALSE),MUNICIPIO!$A:$D,2,FALSE) -> Shinjuku | F6: =VLOOKUP(VLOOKUP(VLOOKUP(VLOOKUP(A6,PEDIDO!$A:$L,11,FALSE),BARRIO!$A:$E,5,FALSE),MUNICIPIO!$A:$D,4,FALSE),DEPARTAMENTO!$A:$D,2,FALSE) -> Tokio | G6: =VLOOKUP(VLOOKUP(VLOOKUP(VLOOKUP(VLOOKUP(A6,PEDIDO!$A:$L,11,FALSE),BARRIO!$A:$E,5,FALSE),MUNICIPIO!$A:$D,4,FALSE),DEPARTAMENTO!$A:$D,4,FALSE),PAIS!$A:$D,2,FALSE) -> Japón | H6: =VLOOKUP(VLOOKUP(VLOOKUP(VLOOKUP(VLOOKUP(VLOOKUP(A6,PEDIDO!$A:$L,11,FALSE),BARRIO!$A:$E,5,FALSE),MUNICIPIO!$A:$D,4,FALSE),DEPARTAMENTO!$A:$D,4,FALSE),PAIS!$A:$D,4,FALSE),CONTINENTE!$A:$C,2,FALSE) -> Asia | I6: =VLOOKUP(A6,PEDIDO!$A:$L,8,FALSE) -> Despachado | J6: =VLOOKUP(VLOOKUP(A6,PEDIDO!$A:$L,9,FALSE),CLIENTE!$A:$E,3,FALSE) -> Sofía Torres | K6: =VLOOKUP(VLOOKUP(A6,PEDIDO!$A:$L,10,FALSE),TRANSPORTADORA!$A:$E,3,FALSE) -> FedEx Cargo | L6: =SUMIF(DETALLE_PRODUCTO!$B:$B,A6,DETALLE_PRODUCTO!$D:$D) -> 2 | M6: =SUMIF(DETALLE_PRODUCTO!$B:$B,A6,DETALLE_PRODUCTO!$F:$F) -> 3150

Sheet CONTINENTE
A1: id_continente | B1: nombre | C1: descripcion
A2: 1 | B2: América | C2: Continente americano
A3: 2 | B3: Europa | C3: Continente europeo
A4: 3 | B4: Asia | C4: Continente asiático

Sheet PAIS
A1: id_pais | B1: nombre | C1: descripcion | D1: continente_id
A2: 1 | B2: Colombia | C2: País ubicado en América del Sur | D2: 1
A3: 2 | B3: México | C3: País ubicado en América del Norte | D3: 1
A4: 3 | B4: España | C4: País ubicado en Europa occidental | D4: 2
A5: 4 | B5: Japón | C5: País ubicado en Asia oriental | D5: 3

Sheet DEPARTAMENTO
A1: id_departamento | B1: nombre | C1: descripcion | D1: pais_id
A2: 1 | B2: Cundinamarca | C2: Departamento de Colombia | D2: 1
A3: 2 | B3: Antioquia | C3: Departamento de Colombia | D3: 1
A4: 3 | B4: Huila | C4: Departamento de Colombia | D4: 1
A5: 4 | B5: Jalisco | C5: Estado de México | D5: 2
A6: 5 | B6: Madrid | C6: Comunidad de España | D6: 3
A7: 6 | B7: Tokio | C7: Prefectura de Japón | D7: 4

Sheet MUNICIPIO
A1: id_municipio | B1: nombre | C1: descripcion | D1: departamento_id
A2: 1 | B2: Bogotá | C2: Capital de Colombia | D2: 1
A3: 2 | B3: Medellín | C3: Municipio de Antioquia | D3: 2
A4: 3 | B4: Neiva | C4: Capital del Huila | D4: 3
A5: 4 | B5: Guadalajara | C5: Municipio de Jalisco | D5: 4
A6: 5 | B6: Madrid | C6: Capital de España | D6: 5
A7: 6 | B7: Shinjuku | C7: Distrito de Tokio | D7: 6

Sheet BARRIO
A1: id_barrio | B1: nombre | C1: descripcion | D1: codigo_postal | E1: municipio_id
A2: 1 | B2: Chapinero | C2: Barrio urbano de Bogotá | D2: 110231 | E2: 1
A3: 2 | B3: Centro | C3: Barrio céntrico de Medellín | D3: 050021 | E3: 2
A4: 3 | B4: Altico | C4: Barrio residencial de Neiva | D4: 410001 | E4: 3
A5: 4 | B5: Americana | C5: Barrio tradicional de Guadalajara | D5: 44160 | E5: 4
A6: 5 | B6: Sol | C6: Barrio céntrico de Madrid | D6: 28013 | E6: 5
A7: 6 | B7: Kabukicho | C7: Barrio comercial de Shinjuku | D7: 1600021 | E7: 6

Sheet PRODUCTO
A1: id_producto | B1: nombre | C1: descripcion | D1: precio
A2: 1 | B2: Laptop X | C2: Portátil de alto rendimiento | D2: 3500
A3: 2 | B3: Smartphone Pro | C3: Teléfono inteligente gama alta | D3: 2200
A4: 3 | B4: Audífonos Max | C4: Audífonos inalámbricos con cancelación de ruido | D4: 1200
A5: 4 | B5: Tablet Air | C5: Tableta liviana para trabajo y estudio | D5: 1800
A6: 5 | B6: Smartwatch Fit | C6: Reloj inteligente deportivo | D6: 950

Sheet CLIENTE
A1: id_cliente | B1: numero_documento | C1: nombre | D1: email | E1: telefono
A2: 1 | B2: 1001001001 | C2: Laura Gómez | D2: laura@gmail.com | E2: 3001112233
A3: 2 | B3: 1001001002 | C3: Carlos Martínez | D3: carlos@gmail.com | E3: 3001112234
A4: 3 | B4: 1001001003 | C4: Ana Rodríguez | D4: ana@gmail.com | E4: 3001112235
A5: 4 | B5: 1001001004 | C5: David Fernández | D5: david@gmail.com | E5: 3001112236
A6: 5 | B6: 1001001005 | C6: Sofía Torres | D6: sofia@gmail.com | E6: 3001112237

Sheet TRANSPORTADORA
A1: id_transportadora | B1: nit | C1: nombre | D1: email | E1: telefono
A2: 1 | B2: 900123001 | C2: DHL Express | D2: contacto@dhl.com | E2: 6011111111
A3: 2 | B3: 900123002 | C3: FedEx Cargo | D3: soporte@fedex.com | E3: 6011111112
A4: 3 | B4: 900123003 | C4: Servientrega Global | D4: info@servientrega.com | E4: 6011111113

Sheet PEDIDO
A1: id_pedido | B1: fecha_pedido | C1: direccion_origen | D1: direccion_destino | E1: fecha_despacho | F1: fecha_entrega_estimada | G1: fecha_entrega_real | H1: estado_pedido | I1: cliente_id | J1: transportadora_id | K1: barrio_destino_id | L1: municipio_origen_id
A2: 1 | B2: 2026-02-01 | C2: Calle 10 # 5-20 | D2: Carrera 45 # 50-10 | E2: 2026-02-02 | F2: 2026-02-06 | G2: 2026-02-05 | H2: Entregado | I2: 1 | J2: 1 | K2: 2 | L2: 1
A3: 2 | B3: 2026-02-03 | C3: Calle 8 # 12-30 | D3: Calle 7 # 3-15 | E3: 2026-02-04 | F3: 2026-02-08 | G3: 2026-02-08 | H3: Entregado | I3: 2 | J3: 2 | K3: 3 | L3: 1
A4: 3 | B4: 2026-02-05 | C4: Zona Industrial 22 | D4: Avenida 9 # 14-55 | E4: 2026-02-06 | F4: 2026-02-12 | H4: En tránsito | I4: 3 | J4: 3 | K4: 4 | L4: 2
A5: 4 | B5: 2026-02-06 | C5: Bodega Central Norte | D5: Plaza Mayor 100 | E5: 2026-02-07 | F5: 2026-02-14 | H5: En aduana | I5: 4 | J5: 1 | K5: 5 | L5: 1
A6: 5 | B6: 2026-02-08 | C6: Calle 90 # 11-40 | D6: Avenida Sakura 77 | E6: 2026-02-09 | F6: 2026-02-16 | H6: Despachado | I6: 5 | J6: 2 | K6: 6 | L6: 1

Sheet DETALLE_PRODUCTO
A1: id_detalle_producto | B1: pedido_id | C1: producto_id | D1: cantidad | E1: precio_unitario | F1: subtotal
A2: 1 | B2: 1 | C2: 1 | D2: 1 | E2: 3500 | F2: =D2*E2 -> 3500
A3: 2 | B3: 1 | C3: 3 | D3: 1 | E3: 1200 | F3: =D3*E3 -> 1200
A4: 3 | B4: 2 | C4: 2 | D4: 1 | E4: 2200 | F4: =D4*E4 -> 2200
A5: 4 | B5: 2 | C5: 5 | D5: 2 | E5: 950 | F5: =D5*E5 -> 1900
A6: 5 | B6: 3 | C6: 4 | D6: 1 | E6: 1800 | F6: =D6*E6 -> 1800
A7: 6 | B7: 3 | C7: 3 | D7: 2 | E7: 1200 | F7: =D7*E7 -> 2400
A8: 7 | B8: 4 | C8: 1 | D8: 1 | E8: 3500 | F8: =D8*E8 -> 3500
A9: 8 | B9: 5 | C9: 2 | D9: 1 | E9: 2200 | F9: =D9*E9 -> 2200
A10: 9 | B10: 5 | C10: 5 | D10: 1 | E10: 950 | F10: =D10*E10 -> 950

Sheet EVENTO_TRAZABILIDAD
A1: id_evento_trazabilidad | B1: pedido_id | C1: fecha_evento | D1: estado_evento | E1: descripcion | F1: latitud | G1: longitud | H1: barrio_id
A2: 1 | B2: 1 | C2: 2026-02-02 08:00 | D2: Pedido recibido | E2: Pedido registrado en el sistema | F2: 4.711 | G2: -74.0721 | H2: 1
A3: 2 | B3: 1 | C3: 2026-02-02 15:00 | D3: Despachado | E3: Pedido salió de bodega en Bogotá | F3: 4.711 | G3: -74.0721 | H3: 1
A4: 3 | B4: 1 | C4: 2026-02-04 10:00 | D4: En tránsito | E4: Pedido en ruta hacia Medellín | F4: 6.2442 | G4: -75.5812 | H4: 2
A5: 4 | B5: 1 | C5: 2026-02-05 14:00 | D5: Entregado | E5: Pedido entregado al cliente | F5: 6.2442 | G5: -75.5812 | H5: 2
A6: 5 | B6: 2 | C6: 2026-02-04 09:00 | D6: Pedido recibido | E6: Pedido confirmado | F6: 4.711 | G6: -74.0721 | H6: 1
A7: 6 | B7: 2 | C7: 2026-02-05 11:00 | D7: Despachado | E7: Salida desde Bogotá | F7: 4.711 | G7: -74.0721 | H7: 1
A8: 7 | B8: 2 | C8: 2026-02-07 16:00 | D8: Entregado | E8: Pedido entregado en Neiva | F8: 2.9386 | G8: -75.2811 | H8: 3
A9: 8 | B9: 3 | C9: 2026-02-06 10:00 | D9: Despachado | E9: Pedido salió de Medellín | F9: 6.2442 | G9: -75.5812 | H9: 2
A10: 9 | B10: 3 | C10: 2026-02-08 18:00 | D10: En tránsito | E10: Vuelo internacional en proceso | F10: 20.6597 | G10: -103.3496 | H10: 4
A11: 10 | B11: 4 | C11: 2026-02-07 13:00 | D11: Despachado | E11: Salida de Bogotá hacia España | F11: 4.711 | G11: -74.0721 | H11: 1
A12: 11 | B12: 4 | C12: 2026-02-10 09:00 | D12: En aduana | E12: Revisión en aduana de Madrid | F12: 40.4168 | G12: -3.7038 | H12: 5
A13: 12 | B13: 5 | C13: 2026-02-09 07:30 | D13: Despachado | E13: Pedido salió de Bogotá | F13: 4.711 | G13: -74.0721 | H13: 1
A14: 13 | B14: 5 | C14: 2026-02-12 20:00 | D14: En tránsito | E14: Pedido en centro logístico internacional | F14: 35.6938 | G14: 139.7034 | H14: 6
